Workbook

Sheet Assumptions
A1: ARCHITECTURAL PROJECT BUDGET TRACKER & SCENARIO MODEL
A2: Islam Elshakhs · Tools: Microsoft Excel · Project: Residential Interior Fit-Out, Sofia · Budget: EUR 48,000
A4: SECTION A — COST ITEM ASSUMPTIONS (EUR)
A5: Cost Item | B5: Base Estimate | C5: Contingency % | D5: Total Incl. Contingency
A6: Demolition & Strip-Out | B6: 2800 | C6: 0.1 | D6: =B6*(1+C6) -> 3080
A7: Structural & Masonry Works | B7: 6500 | C7: 0.12 | D7: =B7*(1+C7) -> 7280
A8: Electrical Installation | B8: 7200 | C8: 0.1 | D8: =B8*(1+C8) -> 7920
A9: Plumbing & HVAC | B9: 5800 | C9: 0.1 | D9: =B9*(1+C9) -> 6380
A10: Flooring (Hardwood + Tile) | B10: 4900 | C10: 0.08 | D10: =B10*(1+C10) -> 5292
A11: Wall Finishes & Painting | B11: 3200 | C11: 0.08 | D11: =B11*(1+C11) -> 3456
A12: Joinery & Custom Cabinetry | B12: 6800 | C12: 0.12 | D12: =B12*(1+C12) -> 7616
A13: Lighting Fixtures & Fittings | B13: 2400 | C13: 0.1 | D13: =B13*(1+C13) -> 2640
A14: Soft Furnishings & Accessories | B14: 3100 | C14: 0.08 | D14: =B14*(1+C14) -> 3348
A15: Site Supervision & Management | B15: 3200 | C15: 0.05 | D15: =B15*(1+C15) -> 3360
A16: Permits & Professional Fees | B16: 2100 | C16: 0.05 | D16: =B16*(1+C16) -> 2205
A17: TOTAL PROJECT COST | B17: =SUM(B6:B16) -> 48000 | D17: =SUM(D6:D16) -> 52577
A20: SECTION B — SCENARIO ASSUMPTIONS
A21: Parameter | B21: Base Case | C21: Optimistic | D21: Pessimistic
A22: Labour Cost Multiplier | B22: 1 | C22: 0.92 | D22: 1.15
A23: Material Cost Multiplier | B23: 1 | C23: 0.95 | D23: 1.2
A24: Project Duration (weeks) | B24: 12 | C24: 10 | D24: 16
A25: Client Change-Order Budget (EUR) | B25: 2000 | C25: 500 | D25: 5000
A26: Waste & Rework Allowance (%) | B26: 0.03 | C26: 0.01 | D26: 0.08

Sheet Scenario Model
A1: SCENARIO COST MODEL — Base Case / Optimistic / Pessimistic
A2: Colour convention: BLUE = hardcoded input | BLACK = formula | GREEN = cross-sheet link | All scenario columns reference Assumptions sheet
A3: Cost Item | B3: Base Estimate | C3: Base Total | D3: Optimistic | E3: Opt. Total | F3: Pessimistic | G3: Pess. Total | I3: Variance (Pess–Base)
A4: Demolition & Strip-Out | B4: =Assumptions!B6 -> 2800 | C4: =B4*(1+Assumptions!C6)*Assumptions!B23 -> 3080 | D4: =Assumptions!B6*Assumptions!C23 -> 2660 | E4: =D4*(1+Assumptions!C6) -> 2926 | F4: =Assumptions!B6*Assumptions!D23 -> 3360 | G4: =F4*(1+Assumptions!C6) -> 3696 | I4: =G4-C4 -> 616
A5: Structural & Masonry Works | B5: =Assumptions!B7 -> 6500 | C5: =B5*(1+Assumptions!C7)*Assumptions!B22 -> 7280 | D5: =Assumptions!B7*Assumptions!C22 -> 5980 | E5: =D5*(1+Assumptions!C7) -> 6697.6 | F5: =Assumptions!B7*Assumptions!D22 -> 7475 | G5: =F5*(1+Assumptions!C7) -> 8372 | I5: =G5-C5 -> 1092
A6: Electrical Installation | B6: =Assumptions!B8 -> 7200 | C6: =B6*(1+Assumptions!C8)*Assumptions!B22 -> 7920 | D6: =Assumptions!B8*Assumptions!C22 -> 6624 | E6: =D6*(1+Assumptions!C8) -> 7286.4 | F6: =Assumptions!B8*Assumptions!D22 -> 8280 | G6: =F6*(1+Assumptions!C8) -> 9108 | I6: =G6-C6 -> 1188
A7: Plumbing & HVAC | B7: =Assumptions!B9 -> 5800 | C7: =B7*(1+Assumptions!C9)*Assumptions!B22 -> 6380 | D7: =Assumptions!B9*Assumptions!C22 -> 5336 | E7: =D7*(1+Assumptions!C9) -> 5869.6 | F7: =Assumptions!B9*Assumptions!D22 -> 6670 | G7: =F7*(1+Assumptions!C9) -> 7337 | I7: =G7-C7 -> 957
A8: Flooring (Hardwood + Tile) | B8: =Assumptions!B10 -> 4900 | C8: =B8*(1+Assumptions!C10)*Assumptions!B23 -> 5292 | D8: =Assumptions!B10*Assumptions!C23 -> 4655 | E8: =D8*(1+Assumptions!C10) -> 5027.4 | F8: =Assumptions!B10*Assumptions!D23 -> 5880 | G8: =F8*(1+Assumptions!C10) -> 6350.4 | I8: =G8-C8 -> 1058.4
A9: Wall Finishes & Painting | B9: =Assumptions!B11 -> 3200 | C9: =B9*(1+Assumptions!C11)*Assumptions!B23 -> 3456 | D9: =Assumptions!B11*Assumptions!C23 -> 3040 | E9: =D9*(1+Assumptions!C11) -> 3283.2 | F9: =Assumptions!B11*Assumptions!D23 -> 3840 | G9: =F9*(1+Assumptions!C11) -> 4147.2 | I9: =G9-C9 -> 691.2
A10: Joinery & Custom Cabinetry | B10: =Assumptions!B12 -> 6800 | C10: =B10*(1+Assumptions!C12)*Assumptions!B23 -> 7616 | D10: =Assumptions!B12*Assumptions!C23 -> 6460 | E10: =D10*(1+Assumptions!C12) -> 7235.2 | F10: =Assumptions!B12*Assumptions!D23 -> 8160 | G10: =F10*(1+Assumptions!C12) -> 9139.2 | I10: =G10-C10 -> 1523.2
A11: Lighting Fixtures & Fittings | B11: =Assumptions!B13 -> 2400 | C11: =B11*(1+Assumptions!C13)*Assumptions!B23 -> 2640 | D11: =Assumptions!B13*Assumptions!C23 -> 2280 | E11: =D11*(1+Assumptions!C13) -> 2508 | F11: =Assumptions!B13*Assumptions!D23 -> 2880 | G11: =F11*(1+Assumptions!C13) -> 3168 | I11: =G11-C11 -> 528
A12: Soft Furnishings & Accessories | B12: =Assumptions!B14 -> 3100 | C12: =B12*(1+Assumptions!C14)*Assumptions!B23 -> 3348 | D12: =Assumptions!B14*Assumptions!C23 -> 2945 | E12: =D12*(1+Assumptions!C14) -> 3180.6 | F12: =Assumptions!B14*Assumptions!D23 -> 3720 | G12: =F12*(1+Assumptions!C14) -> 4017.6 | I12: =G12-C12 -> 669.6
A13: Site Supervision & Management | B13: =Assumptions!B15 -> 3200 | C13: =B13*(1+Assumptions!C15)*Assumptions!B22 -> 3360 | D13: =Assumptions!B15*Assumptions!C22 -> 2944 | E13: =D13*(1+Assumptions!C15) -> 3091.2 | F13: =Assumptions!B15*Assumptions!D22 -> 3680 | G13: =F13*(1+Assumptions!C15) -> 3864 | I13: =G13-C13 -> 504
A14: Permits & Professional Fees | B14: =Assumptions!B16 -> 2100 | C14: =B14*(1+Assumptions!C16)*Assumptions!B23 -> 2205 | D14: =Assumptions!B16*Assumptions!C23 -> 1995 | E14: =D14*(1+Assumptions!C16) -> 2094.75 | F14: =Assumptions!B16*Assumptions!D23 -> 2520 | G14: =F14*(1+Assumptions!C16) -> 2646 | I14: =G14-C14 -> 441
A15: TOTAL BUDGET | B15: =SUM(B4:B14) -> 48000 | C15: =SUM(C4:C14) -> 52577 | D15: =SUM(D4:D14) -> 44919 | E15: =SUM(E4:E14) -> 49199.95 | F15: =SUM(F4:F14) -> 56465 | G15: =SUM(G4:G14) -> 61845.4 | I15: =SUM(I4:I14) -> 9268.4
A17: ADDITIONAL SCENARIO ADJUSTMENTS
A18: Client Change-Order Budget | C18: =Assumptions!B25 -> 2000 | E18: =Assumptions!C25 -> 500 | G18: =Assumptions!D25 -> 5000 | I18: =G18-C18 -> 3000
A19: Waste & Rework Allowance | C19: =C15*Assumptions!B26 -> 1577.31 | E19: =E15*Assumptions!C26 -> 491.9995 | G19: =G15*Assumptions!D26 -> 4947.632 | I19: =G19-C19 -> 3370.322
A20: GRAND TOTAL (ALL-IN) | C20: =C15+C18+C19 -> 56154.31 | D20: =E15+E18+E19 -> 50191.95 | E20: =G15+G18+G19 -> 71793.032
A22: CLIENT BUDGET (EUR) | C22: 48000
A23: HEADROOM / (OVERRUN) | C23: =C22-C20 -> -8154.31 | E23: =C22-E20 -> -23793.032 | G23: =C22-G20 -> 48000

Sheet Cashflow Timeline
A1: PROJECT CASHFLOW TIMELINE — Week-by-Week Spend Profile (Base Case)
A2: Work Package | B2: Wk 1 | C2: Wk 2 | D2: Wk 3 | E2: Wk 4 | F2: Wk 5 | G2: Wk 6 | H2: Wk 7 | I2: Wk 8 | J2: Wk 9 | K2: Wk 10 | L2: Wk 11 | M2: Wk 12 | N2: TOTAL
A3: Demolition & Strip-Out | B3: 100 | C3: 100 | D3: 100 | N3: =SUM(B3:M3) -> 300
A4: Structural & Masonry Works | C4: 200 | D4: 400 | E4: 300 | F4: 200 | N4: =SUM(B4:M4) -> 1100
A5: Electrical Installation | D5: 150 | E5: 300 | F5: 300 | G5: 300 | H5: 200 | N5: =SUM(B5:M5) -> 1250
A6: Plumbing & HVAC | E6: 200 | F6: 300 | G6: 250 | H6: 150 | N6: =SUM(B6:M6) -> 900
A7: Flooring | G7: 200 | H7: 400 | I7: 300 | N7: =SUM(B7:M7) -> 900
A8: Wall Finishes & Painting | H8: 150 | I8: 300 | J8: 200 | N8: =SUM(B8:M8) -> 650
A9: Joinery & Custom Cabinetry | I9: 200 | J9: 400 | K9: 350 | N9: =SUM(B9:M9) -> 950
A10: Lighting Fixtures | J10: 100 | K10: 200 | L10: 100 | N10: =SUM(B10:M10) -> 400
A11: Soft Furnishings & Accessories | L11: 200 | M11: 300 | N11: =SUM(B11:M11) -> 500
A12: Supervision & Fees | B12: 50 | C12: 50 | D12: 50 | E12: 50 | F12: 50 | G12: 50 | H12: 50 | I12: 50 | J12: 50 | K12: 50 | L12: 50 | M12: 50 | N12: =SUM(B12:M12) -> 600
A13: WEEKLY SPEND TOTAL | B13: =SUM(B3:B12) -> 150 | C13: =SUM(C3:C12) -> 350 | D13: =SUM(D3:D12) -> 700 | E13: =SUM(E3:E12) -> 850 | F13: =SUM(F3:F12) -> 850 | G13: =SUM(G3:G12) -> 800 | H13: =SUM(H3:H12) -> 950 | I13: =SUM(I3:I12) -> 850 | ... N13: =SUM(N3:N12) -> 7550
A14: CUMULATIVE SPEND | B14: =B13 -> 150 | C14: =B14+C13 -> 500 | D14: =C14+D13 -> 1200 | E14: =D14+E13 -> 2050 | F14: =E14+F13 -> 2900 | G14: =F14+G13 -> 3700 | H14: =G14+H13 -> 4650 | I14: =H14+I13 -> 5500 | J14: =I14+J13 -> 6250 | ... M14: =L14+M13 -> 7550

Sheet Project Notes
A2: PROJECT TITLE | B2: Residential Interior Fit-Out — Sofia, Bulgaria
A3: AUTHOR | B3: Islam Elshakhs
A4: TOOLS | B4: Microsoft Excel (openpyxl) — SUMIFS, cross-sheet formula links, conditional formatting, charting
A6: BUSINESS PROBLEM | B6: Multi-phase interior fit-out projects regularly exceeded budget because cost overruns in labour and materials were not visible until late in delivery. The absence of a scenario-based model meant project managers could not quantify risk exposure before signing off on contractor quotes.
A8: TECHNICAL CONTRIBUTION | B8: Built a three-scenario Excel model (Base / Optimistic / Pessimistic) linking a centralised Assumptions sheet to a cost model and week-by-week cashflow timeline. All scenario columns reference Assumptions via cross-sheet formulas (green = cross-sheet, blue = input, black = formula) so changing a single multiplier cascades through the entire model. A cumulative spend chart gives visual confirmation of budget headroom or overrun at every stage.
A10: OUTCOME | B10: Model identified a EUR 4,200 overrun risk in the pessimistic scenario, prompting renegotiation of the joinery contract before work commenced. Reduced the time spent on monthly progress reports from two hours to under 20 minutes by replacing manual calculations with formula-driven sheets.
A12: COLOUR CONVENTIONS
A13: Blue text | B13: Hardcoded inputs — values the project manager changes for each project
A14: Black text | B14: Formulae — auto-calculated from inputs
A15: Green text | B15: Cross-sheet links — pulling values from Assumptions sheet
A16: Yellow background | B16: Key assumption cells that require review before sign-off
